{"cameraMode":{"drawMode":0,"name":"Shaded","section":"Shading Mode"},"sceneLighting":true,"audioPlay":false,"sceneViewState":{"showFog":true,"showMaterialUpdate":true,"showSkybox":true,"showFlares":true,"showImageEffects":true,"showParticleSystems":true},"in2DMode":false,"pivot":{"x":231.29833984375,"y":21.552433013916017,"z":-201.7952423095703},"rotation":{"x":0.028920399025082589,"y":0.9397934079170227,"z":-0.08225379139184952,"w":0.3304334878921509},"size":8.557886123657227,"orthographic":false}