{"cameraMode":{"drawMode":0,"name":"Shaded","section":"Shading Mode"},"sceneLighting":false,"audioPlay":false,"sceneViewState":{"showFog":true,"showMaterialUpdate":false,"showSkybox":true,"showFlares":true,"showImageEffects":true,"showParticleSystems":true},"in2DMode":false,"pivot":{"x":-0.0782465934753418,"y":7.3712921142578129,"z":-0.30755770206451418},"rotation":{"x":-0.11305156350135803,"y":0.2476935088634491,"z":-0.029114751145243646,"w":-0.9617794156074524},"size":24.634986877441408,"orthographic":false}