{"cameraMode":{"drawMode":0,"name":"Shaded","section":"Shading Mode"},"sceneLighting":true,"audioPlay":false,"sceneViewState":{"showFog":true,"showMaterialUpdate":false,"showSkybox":true,"showFlares":true,"showImageEffects":true,"showParticleSystems":true},"in2DMode":false,"pivot":{"x":335.3726501464844,"y":46.876590728759769,"z":-263.3429870605469},"rotation":{"x":0.14109791815280915,"y":-0.20147354900836945,"z":0.029343491420149804,"w":0.9688337445259094},"size":34.82331848144531,"orthographic":false}